Python开发工程师,61
软件测试工程师,12
Python高级开发工程师,11
运维工程师,9
测试工程师,8
系统运维工程师,5
算法工程师,5
软件工程师,4
Python工程师,4
后台开发工程师,4
Python后端工程师,3
大数据开发工程师,3
系统架构师,3
自动化测试工程师,3
全栈工程师,3
前端开发工程师,3
机器学习算法工程师,3
运维经理,3
Java开发工程师,3
Python爬虫工程师,3
嵌入式软件工程师,3
数据分析师,3
Python后台开发工程师,2
Python 工程师,2
BI工程师,2
区块链高级开发工程师,2
高级爬虫工程师,2
Python,2
python开发工程师,2
项目经理,2
python工程师,2
高级测试工程师,2
高级运维工程师,2
Python软件工程师,2
服务器工程师,2
网络安全运营工程师,2
PHP高级开发工程师,2
服务器运维工程师,2
C++开发工程师,2
风控经理,2
区块链工程师,2
PHP开发工程师,2
python爬虫工程师,1
C++高级开发工程师,1
技术专家,1
软件现场支持工程师,1
测试助教/讲师,1
高级软件工程师,1
测试主管,1
资深数据分析师,1
游戏运维工程师,1
中级JAVA开发工程师,1
上位机软件工程师,1
渗透测试工程师,1
python+postgreSQL 社交商城开发,1
C++棋牌开发主程,1
诚聘软件测试工程师,1
Python数据工程师,1
python后台开发,1
Python数据采集网络爬虫工程师,1
软件开发工程师（C#/python）,1
Python工程师-大数据方向,1
hadoop工程师,1
项目实施工程师,1
RD2-测试工程师（客户端）,1
软件实习生,1
大数据Python工程师,1
VFX 特效师,1
AGV特种机器人研发经理,1
Python+MySQL 后台开发工程师,1
C++/Python后台软件开发高级工程师,1
软件工程师（图像处理）,1
JAVA后台开发总监,1
爬虫开发工程师,1
Python程序员,1
嵌入式开发工程师(物联网方向),1
C++量化开发/python,1
python爬虫开发工程师,1
高级运维经理,1
基金研究员,1
数据库管理员(DBA),1
Python web programmer,1
云计算开发工程师（python）,1
大数据存储高级工程师,1
25923-python后台开发工程师（深圳/上海）,1
风控建模工程师,1
高级嵌入式软件工程师,1
数学技术模型工程师,1
C#应用开发工程师,1
资深安全开发专家,1
Python开发工程师（初级）,1
测试工程师（接口、自动化）,1
Python讲师,1
自动化测试培训讲师-急聘大牛,1
初级Python开发助理,1
高级邮件系统研发工程师,1
数据挖掘工程师,1
数据分析,1
Python中高级工程师,1
python开发,1
Python全栈开发工程师,1
電子工程師/工程師助理,1
深圳市华馨智能科技—Python高级工程师,1
Python程序员 数据挖掘方向,1
C++服务器开发 C++游戏开发,1
测试工程师（可视化方向）,1
图像算法工程师（规划院）,1
视觉算法工程师,1
数据工程师,1
Python工程师（爬虫方向）,1
GIS数据工程师,1
手机自动化测试,1
Python Web开发工程师,1
FAE工程师,1
双休爬虫开发工程师php开发工程师python开发工程师,1
Python后台开发,1
Python高级工程师,1
Java开发工程师（Python）,1
进化论资产量化团队招聘,1
硬件工程师（研发）,1
Python/c++,1
量化策略师,1
大数据专家（博士）,1
后端python工程师,1
java高级工程师,1
Python工程师（国外）,1
音频开发工程师,1
Python开发工程师—新材料促进中心,1
系统开发工程师,1
Python后台高级开发经理,1
生物信息工程师（肿瘤方向）,1
风险计量策略岗(003884),1
风控总监,1
高级Python后端工程师,1
大数据/python技术支持老师,1
高级架构设计工程师,1
高级算法工程师,1
Python开发讲师,1
python开发工程师-深圳-03622,1
中/高级运维工程师,1
Computer Vision Engineer,1
python 爬虫开发工程师,1
Java软件工程师,1
IT系统集成,1
数据分析助理,1
python/Django web开发工程师,1
python培训讲师（专***）,1
运维工程师—python方向,1
SA Java,1
物联网工程师,1
后端开发工程师,1
软件系统工程师,1
高级区块链开发工程师,1
开发工程师（.NET、 C#）,1
系统工程师,1
中级前端工程师,1
数字芯片设计师,1
Python就业指导专员,1
CIE持续集成工程师,1
Python高级DevOps工程师,1
区块链开发工程师,1
Android开发工程师（海外）,1
软件测试工程师（智能穿戴/APP测试）,1
MES经理,1
python 工程师-大数据方向,1
中级测试工程师,1
机器视觉算法工程师,1
通信工程师（海外职位）,1
Python开发工程师（深圳）,1
大数据运维工程师(J11123),1
高级Python开发工程师,1
音频工程师,1
高级Python开发工程师（深圳）,1
3D&2D机械视觉应用研发工程师,1
软件实施工程师（运维事业部）,1
大数据运维工程师,1
高级系统开发工程师,1
Python开发J15588,1
视觉软件工程师,1
C++/Qt软件开发工程师,1
Devops开发工程师,1
PHP/python/java开发工程师,1
python大数据开发工程师,1
物联网软件工程师,1
Python开发工程师（后端开发）,1
Web前端开发工程师,1
量化交易员,1
系统开发工程师（python）,1
银行SAS/R/PYTHON数据分析挖掘建模岗,1
"后台开发工程师（Node, Python, Java, Go）",1
实施工程师,1
软件测试工程师 SQA,1
资深数据分析与建模工程师,1
技术总监,1
区块链开发-数字钱包方向,1
APP加固工程师,1
嵌入式系统逆向分析/反汇编工程师,1
风险政策经理,1
音频算法专家,1
测试开发工程师(通信信道),1
Python开发工程师/互联网工程师,1
运维开发工程师,1
前端开发,1
安全测试工程师 （软件测试工程师）恒大外包,1
软件开发工程师(Python数据爬虫),1
安全测试专家（后台服务/客户端）,1
Senior Automation Development高级自动化开发工程师,1
互联网开发工程师,1
阿里云-云业务架构师-深圳区域,1
区块链首席架构师 （高薪急聘）,1
运维主管,1
应用软件工程师（应届生）,1
ARDUINO软件工程师,1
Python游戏服务端开发工程师,1
[美国上市]Python技术支持老师,1
区块链研发工程师,1
技术支持工程师,1
机器视觉算法高级工程师,1
数据分析工程师（python）,1
游戏测试工程师,1
PHP研发经理,1
I0S开发工程师,1
GIS开发工程师,1
数据分析类_---助理工程师岗,1
PHP+Python软件工程师,1
Linux工程师,1
C,1
产品经理,1
数据分析算法工程师,1
运维工程师 --智能硬件技术中心,1
电商平台运维工程师,1
游戏服务端Python开发工程师,1
高级开发工程师（C++或Python）,1
初级python开发工程师,1
Advanced Software Engineer,1
硬件运维工程师,1
资深Python开发工程师,1
业务运维工程师,1
软件工程师/上层软件开发（急招）,1
服务器开发工程师,1
高级分析师,1
Python 后台工程师,1
软件研发总监,1
Python中级开发工程师,1
信息安全工程师,1
软件测试,1
python后台开发工程师,1
PHP高级开发工程师技术总监,1
Node.js开发工程师,1
Android开发工程师,1
数字芯片设计工程师/Digital IC Design Engineer,1
初级Java程序员,1
PHP开发主管,1
机器学习算法工程师（实习/全职）,1
Python软件开发工程师,1
Python开发工程师（国信证券-乙方）,1
SEO专员,1
python数据工程师,1
Python技术工程师,1
系统运维资深工程师,1
反欺诈策略资深分析师,1
网络工程师,1
web前端工程师,1
数据仓库开发工程师（ETL）,1
python（大数据 shell） Y,1
Python(RPA)实施开发工程师（软件）,1
云平台高级开发工程师,1
Python/Django后台开发工程师,1
odoo/Python开发工程师,1
夜班量化交易员,1
数据分析专员/数据分析师,1
DBA（mysql方向，海外菲律宾）,1
Cocos2d-x开发工程师,1
软件开发初级工程师,1
初级Python开发工程师,1
软件开发工程师,1
直通业务部数据分析与挖掘岗,1
助教-数据科学硕士项目,1
Python工程师  爬虫  五险一金 包住 双休,1
数据分析师(舆情),1
AI算法工程师,1
云平台高级架构师,1
cocos2d-x高级开发工程师,1
数据挖掘岗,1
高级硬件工程师,1
产品经理（武汉）,1
软件工程师（3D打印机方向）,1
大数据工程师,1
高级性能测试工程师,1
AI安全研究员,1
Python应用开发工程师,1
资深Python工程师（深圳）,1
自动化测试讲师,1
应用程序开发工程师（.NET、Python+安全开发大牛),1
C++服务端工程师,1
大数据系统开发工程师,1
DBA/数据库运维工程师实习生,1
python游戏服务端开发工程师,1
博士后研究人员  （AI系统研究方向）,1
python/lua开发,1
Python研发工程师,1
初级运维工程师,1
小程序开发工程师,1
数据分析师助理 文职岗位6k+双休,1
JAVA后端（区块链项目）,1
Python程序员 开发工程师 软件工程师,1
图像算法工程师/算法工程师,1
运营分析顾问(J180323031),1
C++/Python/QT软件工程师,1
应用测试岗 （测试管理方向）,1
Java开发工程师/龙华上班/高薪优遇,1
数据库管理员（DBA）,1
Python大数据工程师,1
数据库工程师,1
ERP软件工程师,1
c++手游后端工程师,1
Python开发工程师（包住+五险一金）,1
python量化交易开发工程师,1
erlang(游戏）后端工程师,1
3D打印机软件工程师,1
Python（高级&资深&leader）,1
A/SA(AI)-Risk Assurance_GZ/SZ,1
硬件工程师,1
高级前端开发工程师,1
python讲师,1
PHP、Java、Python后台开发工程师,1
Python开发实习生,1
GO+Python,1
高级爬虫系统开发工程师,1
测试工程师（外包）,1
应用软件工程师,1
风险数据建模工程师,1
网站维护与推广,1
高级软件工程师(Python),1
高级研发工程师（Python方向）,1
数据分析专员,1
Python后端开发工程师,1
C/C++软件工程师,1
后台开发工程师（C++，Python，go）,1
Python/C++金融软件开发工程师,1
中高级测试工程师,1
Python开发助理（可实习）,1
嵌入式产品开发工程师,1
数据分析师/IT技术支持/IT专员,1
