熟悉,1106
开发,1063
经验,917
工作,688
Python,653
工程师,591
能力,581
负责,549
相关,548
优先,541
类别,501
测试,492
软件,457
技术,456
系统,422
使用,372
设计,364
分析,342
项目,338
数据库,288
精通,278
团队,274
Linux,273
数据,266
熟练,257
任职,244
维护,242
公司,241
进行,236
优化,215
算法,209
平台,208
MySQL,208
岗位职责,204
具备,203
沟通,202
框架,201
学习,193
语言,192
需求,192
专业,192
运维,190
自动化,184
编写,182
Java,178
编程,177
完成,177
问题,174
应用,172
管理,169
架构,160
业务,151
C++,150
掌握,148
工具,148
参与,146
本科,139
能够,139
性能,138
计算机,138
互联网,136
网络,133
熟练掌握,127
岗位,124
常用,124
较强,122
文档,121
实现,121
解决,118
代码,118
爬虫,118
高级,118
软件开发,114
研发,113
大数据,113
合作,113
独立,111
流程,110
服务器,108
实施,100
研究,100
数据分析,99
其他,98
安全,98
各种,97
监控,96
处理,95
环境,94
精神,93
部署,87
包括,87
根据,86
原理,86
模型,84
C,83
软件测试,82
web,81
计算机相关,81
后台,80
日常,78
责任心,77
主流,77
基础,77
协议,77
理解,76
配置,76
策略,75
Web,75
制定,74
资格,73
脚本,72
开源,72
数学,72
方案,71
方法,71
常见,69
机器学习,69
区块链,68
操作系统,66
SQL,66
培训,65
员工,65
编程语言,64
前端,64
网站,63
福利,63
解决问题,63
Javascript,62
优秀,62
游戏,62
功能,62
协作,61
知识,61
搭建,61
实际,61
基于,60
Redis,59
质量,59
金融,59
任务,59
建模,59
架构设计,59
测试用例,58
执行,58
调试,58
行业,57
善于,57
职位,56
过程,56
Shell,56
接口,55
shell,55
Django,52
快速,52
调优,50
脚本语言,49
深度,49
配合,49
风险,49
TCP,49
体系,49
PHP,49
操作,48
跟踪,48
组织,48
技术支持,48
数据结构,48
逻辑,48
抓取,48
基本,47
模块,47
五险,47
领域,47
大专,46
数据挖掘,46
测试工具,46
部门,46
分布式,45
丰富,45
移动,45
编码,44
规范,43
信息,43
深入,43
HTTP,43
提升,43
安装,43
强烈,42
带薪,42
故障,42
客户,42
程序,42
机制,41
意识,41
职责,41
运营,41
核心,40
挖掘,40
用户,39
后端,39
发展,39
持续,39
Oracle,38
CSS,38
IP,38
通信,37
存储,37
完善,37
控制,37
网页,37
工程,37
Android,36
统计,36
HTML,36
多线程,36
建立,36
硬件,36
通过,36
信息安全,35
建设,35
Spark,35
习惯,34
指导,34
支持,34
三年,33
压力,33
Hadoop,33
上线,33
扎实,33
大型,32
描述,32
有效,32
热爱,32
js,32
redis,32
设备,32
人工智能,32
并发,31
智能,31
理论,31
目标,31
提高,31
MongoDB,31
命令,30
缺陷,30
阅读,30
解决方案,30
漏洞,30
方向,30
报告,30
电商,30
逻辑思维,30
电子,30
内部,30
数据处理,29
旅游,29
组件,29
django,29
主动,29
创新,29
量化,28
思维,28
改进,28
flask,28
管理员,28
关系,28
表达能力,28
规划,28
经理,28
Flask,28
前端开发,28
发现,28
服务端,28
撰写,27
构建,27
一年,27
R,27
驱动,27
识别,26
采集,26
相应,26
人员,26
图像处理,26
双休,26
承担,25
安排,25
Windows,25
nginx,25
海量,25
NoSQL,25
深圳市,25
拥有,25
英文,25
联网,25
硕士,25
节假日,25
有过,25
项目管理,25
小时,25
设计模式,25
IT,25
法定,24
php,24
Perl,24
内容,24
集成,24
学员,24
评估,24
AI,24
交付,24
视觉,24
Unix,24
办公,24
机会,23
计算,23
标准,23
3D,23
对接,23
待遇,23
企业,23
分布式系统,23
Nginx,23
交易,23
全面,22
计划,22
稳定,22
版本,22
福利待遇,22
管理工具,22
WEB,22
APP,21
较好,21
软件工程,21
从事,21
及时,21
进度,21
风控,21
学历,21
确保,21
发布,21
兴趣,21
检测,21
两年,21
清洗,21
下午茶,21
c,21
经历,21
积极主动,21
节日,20
界面,20
缓存,20
虚拟化,20
响应,20
科技,20
薪酬,20
决策,20
责任感,20
容器,20
统招,20
测试计划,20
集群,19
备份,19
背景,19
Server,19
C#,19
薪资,19
网络协议,19
服务器端,19
情况,19
结果,19
结构,19
渗透,19
推动,19
实践经验,19
地点,19
评审,19
稳定性,19
Go,19
分类,19
工作制,19
中间件,18
管理工作,18
team,18
大规模,18
开发工具,18
团队精神,18
自己,18
客户端,18
BI,18
毕业,18
程序开发,18
tornado,18
合理,18
钻研,18
阿里,18
spark,17
experience,17
迭代,17
多媒体,17
常用命令,17
奖金,17
software,17
Docker,17
单片机,17
docker,17
建议,17
接受,17
主要,17
抽取,17
整理,17
引擎,17
规则,17
更新,17
招聘,17
攻击,17
design,17
完整,17
享受,17
欺诈,17
深刻理解,17
负载,17
开展,16
产品开发,16
Ruby,16
总结,16
scrapy,16
oracle,16
效果,16
语句,16
网络安全,16
职业,16
开发人员,16
文件,16
跟进,16
mongodb,16
进程,16
深圳,16
is,16
Tornado,16
perl,16
关注,16
交互,16
敏捷,16
现有,16
技巧,16
面向对象,16
SAS,16
动态,16
专员,16
API,15
年度,15
SVN,15
be,15
推进,15
乐于,15
源码,15
整合,15
机器人,15
Tomcat,15
that,15
按照,15
风险管理,15
出差,15
嵌入式,15
基金,15
结构化,15
Git,15
软件产品,15
development,15
统计学,15
针对,15
案例,15
适应,15
技术难题,15
Kafka,15
现场,15
高性能,15
交流,15
出现,15
晋升,15
数字,15
落地,15
PostgreSQL,14
爬取,14
ETL,14
PC,14
learning,14
热情,14
统计分析,14
风格,14
主管,14
态度,14
页面,14
加班,14
修改,14
http,14
激情,14
培养,14
调研,14
高度,14
信息技术,14
购买,14
反馈,14
ERP,14
任意,14
分项,13
正则表达式,13
音频,13
输出,13
生产,13
上位,13
语音,13
new,13
交办,13
敏感,13
生日会,13
市场,13
可用,13
行为,13
信贷,13
项目经理,13
专科,13
git,13
sql,13
帮助,13
图像,13
升级,13
开发技术,13
hadoop,13
测试方法,13
特征,13
每年,13
数据仓库,12
邮件,12
211,12
pyspider,12
比较,12
Hive,12
氛围,12
聚类,12
大小,12
work,12
共识,12
QT,12
HTML5,12
测试报告,12
英语,12
富有,12
985,12
浏览器,12
Apache,12
不定期,12
成员,12
商品,12
可视化,12
补贴,12
Spring,12
功能模块,12
自然语言,12
思考,12
嵌入式软件,12
单元测试,12
will,12
年终奖金,12
numpy,12
HBase,11
二次开发,11
有大,11
变更,11
Selenium,11
数据安全,11
挑战性,11
加固,11
matlab,11
管理系统,11
面试,11
部分,11
芯片,11
计算机软件,11
系统集成,11
test,11
English,11
敬业精神,11
及其,11
工作效率,11
各个,11
网络设备,11
selenium,11
耐心,11
生日,11
UI,11
tomcat,11
skills,11
联盟,11
以下,11
简单,11
遇到,11
AWS,11
比如,11
设置,11
银行,11
通讯,11
制度,11
bug,11
货币,11
OpenCV,11
IOS,11
大学本科,11
一起,11
各项,11
Socket,11
html,11
说明,11
解析,11
windows,11
JS,11
资源,11
对于,11
结合,11
app,11
毕业生,11
信号处理,11
线上,10
机器,10
异常,10
成长,10
记录,10
MQ,10
Matlab,10
逆向,10
体验,10
technology,10
nosql,10
系列,10
绩效奖金,10
Familiar,10
应届生,10
课程,10
反爬,10
瓶颈,10
排除,10
kafka,10
最好,10
UDP,10
有限公司,10
跨平台,10
成功,10
收集,10
详细,10
模式,10
本科学历,10
推广,10
视频,10
提供数据,10
DSP,10
功能测试,10
年终奖,10
App,10
吃苦耐劳,10
注入,10
分享,10
团建,10
具体,10
特点,10
指标,10
理念,10
前沿技术,10
solutions,10
node,10
提取,10
成本,10
入职,10
挑战,10
营销,10
ansible,10
每周,10
体检,10
资料,10
模拟,10
一款,9
思路清晰,9
公积金,9
综合,9
带领,9
角度,9
计算机网络,9
Mongodb,9
SPSS,9
AGV,9
可用性,9
系统安全,9
预测,9
爬,9
权限,9
Ajax,9
兼容性,9
pandas,9
调度,9
程序员,9
go,9
Bootstrap,9
CSS3,9
神经网络,9
布局,9
vision,9
疑难问题,9
algorithms,9
证券,9
资料库,9
提交,9
切片,9
空间,9
基础知识,9
餐补,9
hardware,9
GIS,9
framework,9
jQuery,9
SQLServer,9
自学能力,9
前沿,9
软件系统,8
上进心,8
定制,8
zabbix,8
openstack,8
股票,8
广阔,8
安全性,8
做好,8
years,8
深入研究,8
审批,8
交通,8
文献,8
补助,8
生育,8
主导,8
加密,8
路由器,8
XML,8
程序设计,8
总监,8
运行机制,8
this,8
竞争力,8
system,8
文本,8
etc,8
进取心,8
可靠性,8
登录,8
准确,8
三维,8
实时,8
探索,8
同事,8
状态,8
想法,8
南山,8
iOS,8
上级,8
文字,8
Ethereum,8
表达,8
模式识别,8
羽毛球,8
product,8
构架,8
电路,8
软件设计,8
攻防,8
Storm,8
控制器,8
支撑,8
云端,8
婚假,8
异步,8
知道,8
系统故障,8
both,8
开放,8
类型,8
实战经验,8
用例,8
必须,8
lua,8
关联,8
队列,8
联系人,8
尤佳,8
两种,8
开发者,8
格式,8
内存,8
Bitcoin,8
前后,8
高质量,8
DNS,8
特性,8
交易系统,8
Node,8
计量,8
喜欢,8
给出,8
沟通交流,8
运筹学,8
搜索,8
调用,8
LVS,8
以太,8
防御,8
计算机科学,8
消费,8
technologies,8
博士,8
创业,8
舒适,8
礼品,8
说明书,8
求知欲,8
合约,8
下列,8
Zabbix,8
品行端正,8
调,8
全勤奖,8
产品设计,8
Data,8
ElasticSearch,8
AJAX,8
communication,8
每天,8
措施,8
版本控制,8
degree,8
数据库系统,8
容灾,8
their,8
数据备份,8
线,7
弹性,7
审核,7
精准,7
面向对象编程,7
目前,7
time,7
JQuery,7
Job,7
交换机,7
防范,7
激励,7
加密算法,7
物理,7
company,7
learn,7
汇报,7
technical,7
公链,7
容量,7
Experience,7
android,7
大型项目,7
排错,7
DPoS,7
索引,7
销售,7
生物,7
管控,7
绕过,7
SDK,7
工资,7
产品质量,7
定义,7
材料,7
机构,7
FAE,7
双薪,7
对系统,7
products,7
Philips,7
webmagic,7
肿瘤,7
准备,7
密码学,7
网络游戏,7
方案设计,7
经济,7
手段,7
实践,7
performance,7
开发进度,7
RESTful,7
巡检,7
丰富多彩,7
jmeter,7
重构,7
engineering,7
Zookeeper,7
产品线,7
ios,7
Scala,7
memcache,7
应用层,7
科技园,7
nodejs,7
更好,7
基础设施,7
防护,7
比特,7
医疗,7
知名,7
验收,7
Hibernate,7
海外,7
几何,7
声学,7
CentOS,7
管理体系,7
社交,7
促进,7
测量,7
南山区,7
写作能力,7
技术开发,7
申请,7
MVC,7
特别,7
PoW,7
PoS,7
智能家居,7
间,7
共同,7
战略,7
PLC,7
四,7
KVM,7
电声,7
other,7
HDFS,6
规范化,6
意见,6
machine,6
Requirements,6
service,6
去,6
responsible,6
发送,6
仪器仪表,6
主从,6
people,6
长期,6
support,6
offer,6
NGINX,6
Engineering,6
Develop,6
涉及,6
Nutch,6
制订,6
LoadRunner,6
such,6
data,6
传输,6
安全事件,6
直接,6
Scrapy,6
注释,6
周五,6
分配,6
擅长,6
优秀员工,6
降低,6
职业道德,6
周六,6
威胁,6
sed,6
GitHub,6
应对,6
打印机,6
任,6
into,6
节点,6
robot,6
防火墙,6
VIP,6
事件,6
Strong,6
包含,6
产业,6
解读,6
优秀者,6
破解,6
测试人员,6
OOP,6
业务部门,6
above,6
认证,6
浓厚,6
Qt,6
菲律宾,6
teaching,6
BUG,6
安卓,6
调薪,6
勇于,6
价值,6
随机,6
有用,6
语言表达,6
附上,6
运营商,6
正直,6
knowledge,6
流量,6
can,6
监测,6
讨论,6
大中型,6
电话,6
ruby,6
充分,6
保护,6
愿意,6
cocos2d,6
Xpath,6
应急,6
your,6
放宽,6
期货,6
文化,6
大牛,6
机房,6
外出,6
贷款,6
solving,6
邮箱,6
experiences,6
processing,6
协同,6
模块化,6
主动性,6
电子信息,6
svn,6
生态,6
验证码,6
突发事件,6
书写,6
生成,6
awk,6
Jenkins,6
创造,6
理,6
命名,6
You,6
PPT,6
Jmeter,6
重视,6
i,6
well,6
架构师,6
难点,6
费用,6
年限,6
B2C,6
分布,6
net,6
Appium,6
公众,6
重点,6
软件架构,6
迁移,6
半年,6
调整,6
敏感度,6
网络通信,6
postgresql,6
心态,6
数据模型,6
language,6
14,6
序列,6
优等,6
Test,6
We,6
评价,6
图片,6
前瞻性,6
扩展性,6
源代码,6
二年,6
通道,6
implement,6
国内,6
员,6
Core,6
中心,6
!,6
css,6
辅助,6
24,6
楼,6
展示,6
资产,6
表现,6
博士后,6
车,6
奖励,6
Memcached,6
组,6
年轻,6
specifications,6
心,6
复杂,6
XHTML,6
执行力,6
性格,6
like,6
龙岗区,6
做过,6
预警,6
分红,6
Http,6
已有,6
医疗保险,6
定位问题,6
应用软件,6
栈,6
Computer,6
附近,6
接触,6
基础架构,6
入,6
形式,6
智慧,6
when,6
Elasticsearch,6
转化,6
星,6
REST,6
体系结构,6
SEO,6
位于,6
Responsibilities,6
C语言,6
全职,6
ELK,6
恢复,6
融入,6
之间,6
取,6
数据包,6
scipy,6
一项,6
health,6
存在,6
QTP,6
restful,6
特定,6
街道,6
配置管理,6
敏感性,6
责任,6
融众,6
钱包,6
社保,6
带薪休假,6
参加,6
安全漏洞,6
该,6
jsoup,6
类库,6
面向,6
资本,6
ARM,6
集,6
Hyperledger,5
链及,5
局域网,5
MXNet,5
性格开朗,5
正式,5
做出,5
Work,5
工伤保险,5
维和,5
project,5
侧链,5
确认,5
院校,5
Risk,5
子系统,5
谢谢,5
重复性,5
信号,5
Knowledge,5
SLAM,5
role,5
左右,5
PBFT,5
年底,5
DOM,5
applications,5
虚拟,5
open,5
授课,5
串讲,5
最终,5
Tcp,5
归档,5
贷后,5
WAF,5
符合,5
Heritrix,5
五,5
最新,5
获得,5
数据交换,5
开发计划,5
有运维,5
日,5
IPS,5
SpringMVC,5
员工福利,5
宝安区,5
关键词,5
RS232,5
财务,5
tensorflow,5
real,5
龙华,5
先进,5
月薪,5
分解,5
具,5
指定,5
底薪,5
协程,5
年会,5
测试数据,5
process,5
high,5
支付,5
信用卡,5
归纳,5
should,5
由,5
财富,5
均,5
投顾,5
进展,5
控制板,5
Jquery,5
向量,5
Morningstar,5
上市公司,5
米,5
起,5
信用,5
有物,5
FPGA,5
office,5
病假,5
语法,5
they,5
信贷政策,5
研究生,5
尝试,5
QA,5
7.5,5
zookeeper,5
analytics,5
写出,5
caffe,5
端系统,5
带,5
Greenplum,5
属性,5
EOS,5
活跃,5
Tableau,5
年终,5
交易平台,5
apache,5
公共,5
式,5
关键,5
Model,5
负责人,5
year,5
Ansible,5
技术创新,5
环节,5
联系方式,5
UNIX,5
必要,5
Service,5
失业,5
依据,5
Cookie,5
有云,5
主机,5
亿,5
GUI,5
Labview,5
Loadrunner,5
有所,5
一家,5
help,5
bash,5
alongside,5
来自,5
线程,5
x,5
SSIS,5
lives,5
数据系统,5
生活,5
架设,5
缴纳,5
贡献者,5
Golang,5
期间,5
application,5
e,5
理解能力,5
matplotlib,5
深刻,5
报警,5
可维护性,5
视效,5
多个,5
可能,5
联调,5
written,5
助理,5
素养,5
项目组,5
kubernetes,5
运算,5
未来,5
工控,5
TensorFlow,5
联系电话,5
twisted,5
固定,5
testing,5
09,5
提成,5
商城,5
新区,5
搜索引擎,5
细节,5
及运维,5
浓厚兴趣,5
敬业,5
全方位,5
统一,5
外部,5
电源,5
group,5
联系,5
梳理,5
DW,5
原因,5
移动机器人,5
－,5
FOF,5
人才,5
server,5
应聘,5
原则,5
deep,5
Tensorflow,5
K,5
做事,5
Nodejs,5
跨,5
through,5
20,5
good,5
信息工程,5
经验丰富,5
担当,5
MFC,5
给予,5
单元,5
形成,5
抓包,5
易用性,5
数据管理,5
辅导,5
中国,5
3d,5
HTTPS,5
创,5
puppet,5
讲解,5
Design,5
高可用性,5
尤其,5
tests,5
分析测试,5
about,5
socket,5
竞品,5
无线通信,5
40,5
out,5
某,5
GP,5
Station,5
理工科,5
电子商务,5
DBA,5
审计,5
懂得,5
优势,5
Big,5
对应,5
丧假,5
D,5
上级领导,5
编制,5
养老保险,5
名,5
一般,5
基本操作,5
postman,5
成立,5
H5,5
VPN,5
运动,5
酒店,5
思路,5
公有,5
分离,5
运行状况,5
融合,5
IC,5
桌面,5
号线,5
扩容,5
GIT,5
~,5
Fabric,5
PyTorch,5
图像识别,5
script,5
storm,5
告警,5
ITIL,5
很强,5
请求,5
经常,5
2.1,5
中等,5
矿池,5
发掘,5
仿真,5
访问,5
api,5
from,5
每季度,5
专家,5
代理,5
全栈,5
性,5
黑盒,5
1.2,5
已经,5
=,5
手工,5
决策树,5
住房,5
期待,5
寻找,5
热衷于,5
广告,5
数理统计,5
餐饮,5
人脸识别,5
lvs,5
临时性,5
小组,5
编译,4
为主,4
rabbitmq,4
hr,4
业界,4
应,4
语义,4
reports,4
unix,4
unit,4
顺利完成,4
本科毕业,4
Postgresql,4
90,4
研究员,4
APG,4
指令,4
APIs,4
Code,4
websocket,4
object,4
打印,4
坂田,4
子女,4
学校,4
采用,4
logic,4
后期,4
上层,4
云云,4
极,4
Mybatis,4
同步,4
Mongo,4
一流,4
渲染,4
知识产权,4
遗传病,4
EXCEL,4
售前,4
P2P,4
非标,4
积极参与,4
programming,4
我司,4
业绩,4
应用服务器,4
世界,4
范围,4
作品,4
drive,4
售后,4
xml,4
管理软件,4
限制,4
注重,4
DIV,4
从优,4
gdb,4
选择,4
SVM,4
个性化,4
常规,4
移植,4
三个,4
维,4
more,4
即可,4
计算机专业,4
github,4
封装,4
公司地址,4
research,4
制造,4
video,4
及时发现,4
also,4
合规,4
汇总,4
Bash,4
一线,4
一经,4
配偶,4
摄像机,4
状况,4
路径,4
Eclipse,4
person,4
技术水平,4
交易所,4
NET,4
supervisor,4
举办,4
希望,4
系统分析,4
抽象,4
判断,4
ubuntu,4
歌,4
clients,4
大学,4
扫描,4
Review,4
腾讯,4
名校,4
轻松,4
MCU,4
familiar,4
课程体系,4
PS,4
获取,4
cn,4
经营,4
催收,4
schedule,4
problem,4
关系数据库,4
品牌,4
博客地址,4
Visual,4
收益,4
礼金,4
晚会,4
meaningful,4
面议,4
冗余,4
LabView,4
uWSGI,4
迅速,4
周期,4
创始人,4
preferred,4
analytical,4
排障,4
FastDFS,4
系统监控,4
签证,4
签订,4
身份,4
各大,4
没有,4
开发新,4
软硬件,4
无线,4
里程碑,4
kvm,4
严格,4
通知,4
XPath,4
实盘,4
appium,4
JMeter,4
七,4
产线,4
teams,4
美味,4
研究成果,4
最大,4
华为,4
广泛,4
it,4
助教,4
talented,4
可加分,4
指标体系,4
标准化,4
develop,4
密码,4
事业,4
SDN,4
网络故障,4
系统性,4
应用程序,4
课件,4
现金,4
观察,4
embedded,4
React,4
龙华区,4
哒,4
调配,4
木马,4
服务平台,4
教学,4
systems,4
物理学,4
主要职责,4
劳动法,4
主程,4
修正,4
jquery,4
集体,4
服从,4
grep,4
信息系统,4
教师,4
不能,4
禅道,4
管理层,4
user,4
假日,4
出具,4
发展趋势,4
股东,4
MangoDB,4
管理制度,4
To,4
AM,4
required,4
深厚,4
入侵,4
ThinkPHP,4
工程化,4
专项,4
内在,4
次,4
quality,4
乐观,4
用于,4
loadrunner,4
医学,4
预研,4
墨子,4
平板,4
career,4
party,4
距离,4
Have,4
BO,4
—,4
skill,4
接入,4
IDC,4
引进,4
程序化,4
诚实,4
基本工资,4
任务分配,4
》,4
终端,4
100,4
Paxos,4
前台,4
Erlang,4
改变,4
前,4
和谐,4
步骤,4
Twisted,4
celery,4
匹配,4
订单,4
JSON,4
CI,4
此基础,4
ip,4
期权,4
券商,4
MQTT,4
系统管理,4
centos,4
SSAS,4
打造,4
徐州,4
Description,4
调查,4
改善,4
热衷,4
个人简历,4
办公室,4
价格,4
各种类型,4
随行,4
end,4
年龄,4
额外,4
Lua,4
原型,4
动作,4
ajax,4
贝叶斯,4
15,4
16,4
库存,4
还,4
Studio,4
新奇,4
◆,4
分割,4
系统结构,4
月度,4
操盘手,4
项,4
劳动合同,4
授信,4
无限,4
午休,4
季度,4
创新能力,4
适当,4
划分,4
相机,4
25,4
并行计算,4
services,4
核心技术,4
find,4
融洽,4
create,4
竞争,4
implementation,4
制图,4
努力,4
阵列,4
上述,4
scala,4
增加,4
黑客,4
旗下,4
星融,4
RobotFramework,4
转换,4
ArcGIS,4
系统软件,4
另外,4
研究课题,4
复杂度,4
工站,4
FTP,4
微软,4
得到,4
好学,4
讲课,4
yarn,4
万,4
flume,4
增强,4
共同完成,4
strace,4
位,4
专业知识,4
UML,4
front,4
抓,4
提示,4
读写,4
基本概念,4
数据中心,4
合理化,4
functional,4
系统维护,4
查询,4
工业区,4
工作日,4
图形,4
实验室,4
食堂,4
Boot,4
就业,4
勿扰,4
join,4
技术手段,4
传播,4
各个环节,4
营运,4
找寻,4
writing,4
规模,4
临时,4
Postgres,4
对外,4
使用者,4
训练,4
成熟,4
联合,4
ORACLE,4
出色,4
商业化,4
周制,4
出,4
下午,4
跨境,4
感受,4
概念,4
动手,4
车载,4
yitoa,4
下属,4
advantage,4
level,4
电信,4
布线,4
意愿,4
适合,4
对冲,4
运维及,4
引导,4
Restful,4
逻辑性,4
驱动力,4
类似,4
流,4
500,4
case,4
经费,4
潜力,4
应聘者,4
components,4
In,4
安全监控,4
W3C,4
Pandas,4
张,4
Bachelor,4
opportunities,4
activities,4
动画,4
达到,4
分析师,4
？,4
所有,4
人性化,4
创建,4
管理策略,4
骨干,4
added,4
react,4
运作,4
2.3,4
libraries,4
关键技术,4
Raft,4
站台,4
前期,4
测试项目,4
analysis,4
常用工具,4
Lucene,4
时序,4
range,4
已,4
两个,4
solidity,4
problems,4
电影,4
敏锐,4
信用风险,4
相互,4
板卡,4
课题,4
行情,4
门店,4
域,4
四级,4
公交站,4
calculation,4
Cognos,4
OpenERP,4
closely,4
吃苦,4
传统,4
书面,4
测绘,4
集团,4
每,4
介绍,4
RHEL,4
Vue,4
automation,4
总部,4
投研,4
《,4
Science,4
证书,4
宿舍,4
Caffe,4
又,4
事务,3
技术标准,3
classification,3
webpack,3
care,3
快乐,3
胜任,3
现网,3
职业规划,3
L2,3
L1,3
强大,3
一样,3
过往,3
范式,3
能比,3
改造,3
衍生,3
推动力,3
APM,3
financial,3
有关,3
做到,3
测试者,3
OWASP,3
基因,3
负,3
加载,3
Halcon,3
扁平,3
供应链,3
Scaner,3
定向,3
best,3
上岗,3
听,3
chrome,3
内核,3
usoftchina,3
H3C,3
一站式,3
东海,3
Kaggle,3
Framework,3
午餐,3
偏,3
因,3
happy,3
消减,3
ddos,3
上市,3
jenkins,3
15K,3
MSSQL,3
redis4,3
强化,3
特征提取,3
语,3
一把,3
生日礼物,3
贷前,3
understanding,3
Struts2,3
图形库,3
MonkeyRunner,3
working,3
可行性,3
实习,3
实业,3
18681569509,3
凤凰,3
维度,3
BAT,3
Monkey,3
群,3
班车,3
applicant,3
so,3
Angular,3
言,3
自愿,3
SQLSERVER,3
留学,3
灵活,3
午间,3
上化,3
全额,3
家,3
忠诚,3
上升,3
应用服务,3
要点,3
汇编,3
one,3
structured,3
Servlet,3
数据传输,3
学术,3
Telecommunication,3
智能手机,3
加速器,3
ways,3
Products,3
科学,3
宽敞,3
密切合作,3
样本,3
many,3
workplace,3
精益求精,3
图形学,3
Lvs,3
导入,3
投诉,3
tracking,3
温馨,3
ability,3
符合规范,3
招收,3
image,3
文娱活动,3
外围,3
审查,3
＋,3
nagios,3
射频,3
极客,3
Keras,3
产学研,3
加强,3
武汉,3
作业,3
概要,3
属,3
资讯,3
诊断,3
developmentKnowledge,3
fundamental,3
1301,3
而,3
Html,3
只有,3
IPC,3
GoLang,3
recruitment,3
可扩展性,3
self,3
Groovy,3
impact,3
同行业,3
天年,3
AutoCAD,3
表,3
痛点,3
壳,3
连续性,3
溢出,3
贷中,3
户外,3
易于,3
mongdb,3
环,3
互金,3
D座,3
35,3
甲级,3
stack,3
竞赛,3
开发周期,3
d,3
同等,3
individuals,3
一类,3
OS,3
体育,3
存储系统,3
系统管理员,3
审美,3
组合,3
line,3
独力,3
up,3
当前,3
组策略,3
美术,3
CPU,3
维修,3
写法,3
早,3
坚持,3
追踪,3
delivering,3
网络科技,3
tools,3
天半,3
Duties,3
2018,3
mongoDB,3
2017,3
designs,3
易,3
opengl,3
观点,3
there,3
k8s,3
观澜,3
PaaS,3
网关,3
GFS,3
后续,3
如点,3
Caffe2,3
开始,3
email,3
PM,3
多样,3
co,3
投,3
原,3
安全策略,3
数据分析系统,3
有人,3
frameworks,3
发行,3
组建,3
深入分析,3
登山,3
分表,3
architectures,3
audit,3
LOPEN,3
网址,3
moments,3
混合,3
精于,3
css3,3
SoapUI,3
链有,3
明显,3
OpenStack,3
整体规划,3
定价,3
maven,3
防范措施,3
预定,3
QlickView,3
分析模型,3
Xen,3
往,3
OOD,3
多次,3
金融机构,3
欢乐,3
spec,3
HIVE,3
早九晚,3
工程项目,3
亿级,3
定点,3
CTO,3
信息学,3
拟定,3
晚,3
组成,3
eclipse,3
WIFI,3
Digital,3
总体,3
provide,3
DDOS,3
专职,3
才能,3
network,3
香港,3
达尔文,3
港股,3
QQ,3
学位,3
do,3
业内,3
同,3
Quick,3
放假,3
十万,3
阶段,3
程序语言,3
candidate,3
requests,3
ETH,3
实战,3
一位,3
一体,3
产品安全,3
首席,3
观光,3
缜密,3
路程,3
正确,3
opencv,3
发现异常,3
园区,3
京东,3
tcpdump,3
优选,3
用到,3
开发方法,3
进,3
关键问题,3
computing,3
报销,3
绩效考核,3
查出,3
扫描器,3
global,3
试用期,3
ZooKeeper,3
cost,3
hdfs,3
VMware,3
OKR,3
态度端正,3
TCPIP,3
最少,3
market,3
路由,3
英语口语,3
年休假,3
入库,3
进步,3
K8S,3
私募,3
结论,3
RF,3
WebAPI,3
机票,3
flink,3
回测,3
not,3
特色,3
应用逻辑,3
流程化,3
客户服务,3
uwsgi,3
八小时,3
通用,3
摄像头,3
Tensor,3
yii,3
实习生,3
than,3
OpenChain,3
突破,3
工作量,3
Php,3
愿望,3
协会,3
巴塞尔,3
EMC,3
运动会,3
生理,3
除了,3
适配,3
功能设计,3
博士学位,3
GreenPlum,3
谁,3
带队,3
卓越,3
线性,3
using,3
人脸,3
business,3
原理图,3
复习,3
物品,3
打码,3
系统优化,3
聚会,3
依托,3
sniffer,3
智能化,3
趋势,3
自学,3
感兴趣,3
电音,3
录入,3
数据量,3
当地,3
讲授,3
SO,3
出国,3
documentation,3
逻辑设计,3
J2EE,3
可行,3
Senior,3
～,3
录取,3
维新,3
capability,3
Fluency,3
渴望,3
试产,3
健康检查,3
asp,3
一天,3
zeromq,3
图谱,3
法,3
一套,3
股份,3
承担责任,3
征信,3
健身,3
有条理,3
出发,3
CouchDB,3
外派,3
TMT,3
Software,3
10000,3
数量,3
LEDE,3
定时,3
查找,3
PIL,3
无邪,3
同学,3
电信号,3
Learning,3
some,3
准入,3
符合条件者,3
A股,3
Scipy,3
恪守,3
优者,3
利用自身,3
三楼,3
事故,3
recognition,3
vsftp,3
优软,3
Kubernetes,3
不足,3
hive,3
assignments,3
实力派,3
及时处理,3
Jsoup,3
commercial,3
focused,3
业务流程,3
数据报表,3
服务中心,3
三者,3
camera,3
加盟,3
票据,3
／,3
呈现,3
TOP,3
休假,3
HIL,3
including,3
业余,3
薪,3
攻击性,3
专题,3
反响,3
矢量,3
早上,3
信贷业务,3
able,3
2.5,3
Graphics,3
系统实施,3
灵活运用,3
人际交往,3
分钟,3
grap,3
裁剪,3
布龙路,3
端口,3
Develops,3
银星,3
接口技术,3
Debug,3
Json,3
变化,3
谷,3
演练,3
py,3
IDS,3
PMP,3
技术员,3
防病毒,3
劳动,3
分库,3
大芬,3
postgreSQL,3
分析方法,3
商务,3
V,3
客服,3
短期,3
达成,3
服务型,3
personal,3
重,3
地理信息系统,3
整改,3
Perform,3
00am,3
MAC,3
兼容,3
分层,3
礼物,3
SAAS,3
12000,3
features,3
王,3
分布式应用,3
服务商,3
证券市场,3
struts,3
亚太地区,3
larbin,3
佳,3
Informatica,3
缓冲区,3
integrate,3
新兴,3
fields,3
几种,3
architecture,3
千万次,3
XYclouds,3
26921554,3
webpy,3
服务化,3
Flow,3
作,3
跨站,3
employees,3
酷爱,3
Svn,3
VR,3
VS,3
programs,3
意义,3
派驻,3
XSS,3
程度,3
俱乐部,3
Ubuntu,3
httpclient,3
excel,3
商务中心,3
紧密配合,3
0,3
Plus,3
unexpected,3
适用,3
生产流程,3
电子相关,3
活泼,3
核算,3
文件格式,3
growing,3
就是,3
影响力,3
Weblogic,3
空调,3
科学计算,3
门,3
设施,3
估计,3
加薪,3
勤奋好学,3
梦想,3
事项,3
社会福利,3
sensor,3
某种,3
G,3
请勿,3
重组,3
另,3
ISP,3
电气,3
17,3
西乡,3
高于,3
Services,3
周边,3
优先级,3
er,3
reading,3
配套,3
注册,3
不良,3
Learn,3
滨河,3
RabbitMQ,3
无线电,3
全局,3
穿戴,3
办法,3
专注,3
防御能力,3
Robotium,3
手游,3
足够,3
进站,3
Only,3
issues,3
大学毕业,3
低于,3
控及,3
未知,3
needs,3
恶意代码,3
学术论文,3
普通,3
responsibility,3
Working,3
预防,3
EE,3
ES,3
Rancher,3
系统日志,3
koa,3
口头,3
believe,3
b,3
大量,3
读,3
RPA,3
静态数据,3
平衡,3
交代,3
C2C,3
百度,3
express,3
SKU,3
产能,3
外贸,3
率低,3
顺畅,3
探讨,3
科苑,3
难题,3
值班,3
办理,3
账本,3
站点,3
报文,3
Github,3
专用,3
任何,3
Dubbo,3
Max,3
正规,3
健身房,3
认真细致,3
间通信,3
树莓,3
随时,3
独立思考,3
广告片,3
公告,3
报告书,3
iis,3
集成电路,3
理工,3
Vuejs,3
Wireshark,3
四年,3
physical,3
oral,3
hbase,3
OpenWRT,3
基本技能,3
cutting,3
命令行,3
牌照,3
Maven,3
上下位,3
approaches,3
Developer,3
强者,3
scikit,3
乐趣,3
impala,3
Engineer,3
SSRS,3
有着,3
工作进度,3
新人,3
高大,3
提,3
曾,3
博客,3
数码,3
关怀,3
测序,3
大鹏,3
把握,3
论文,3
画像,3
传感器,3
multi,3
构造,3
openCV,3
亦可,3
地铁口,3
到来,3
模板,3
高峰,3
预,3
keeplive,3
金融学,3
Dex,3
网闸,3
回顾,3
诱惑,3
OCR,3
45,3
发展前景,3
商业保险,3
安防,3
saltstack,3
驾照,3
视,3
Group,3
版本升级,3
引入,3
bootstrap,3
工作室,3
账号,3
博文,3
DB2,3
素质,3
拼接,3
硬性,3
BTC,3
核心成员,3
classes,3
Cassandra,3
oriented,3
杨美,3
实施方案,3
银行信贷,3
交给,3
Kettle7,3
现实,3
369,3
360,3
html5,3
知识点,3
累积,3
technological,3
排名,3
同行,3
自身,3
众多,3
分布式计算,3
说,3
上下班,3
5A,3
Flink,3
语言学,3
全球,3
ipsec,3
买,3
HP,3
openGL,3
接口定义,3
基本原理,3
plus,3
高新,3
Electronic,3
共享,3
被,3
environment,3
缺,3
潜在,3
切图,3
备注,3
信息科学,3
人力资源,3
设计者,3
思维能力,3
森林,3
市面上,3
4500,3
坐标,3
建,3
货品,3
业务知识,3
流利,3
余,3
DDoS,3
redhat,3
Keepalived,3
约束,3
computer,3
不断完善,3
健全,3
中文,3
概述,3
图,3
gulp,3
KNN,3
OpenResty,3
工业,3
Verilog,3
电子产品,3
outside,3
多项,3
攻克,3
起来,3
分片,3
进程同步,3
job,3
蓝牙,3
Bug,3
异常情况,3
全过程,3
英文简历,3
Signal,3
driven,3
两次,3
负责管理,3
Https,3
津贴,3
直至,3
限,3
汽车,3
JVM,3
还有,3
清楚,3
销量,3
RocketMQ,3
历史,3
职满,3
自营,3
气氛,3
dedecms,3
RDS,3
CNN,3
网络管理员,3
all,3
cocos2dx,3
program,3
派,3
focus,3
商户,3
保持良好,3
伸缩,3
罗湖区,3
Rust,3
暂时,3
中线,3
2000P,3
合作开发,3
诚实可靠,3
公司简介,3
办公设备,3
现代,3
偶尔,3
WebApi,3
织云,3
developed,3
NginX,3
合格,3
phantomjs,3
面对,3
顺利,3
拆分,3
circuit,3
休息时间,3
功能性,3
认同,3
便利,3
落实,3
加密技术,3
可不,3
设定,3
2.2,3
含,3
various,3
熟知,3
jave,3
MATLAB,3
局限于,3
治理,3
engineers,3
英唐,3
性别,3
Sql,3
展开,3
higher,3
覆盖率,3
edge,3
欲望,3
发挥,3
用药,3
workers,3
款,3
streaming,3
人才培养,3
SOCKET,3
fast,3
资深,3
宣讲,3
设计方案,3
统统,3
合成,3
任性,3
咨询,3
Object,3
include,3
齐全,3
集团公司,3
apk,3
高管,3
答疑,3
分期,3
零食,3
板,3
如下,3
熟练地,3
行,3
低,3
h5,3
协同工作,3
如何,3
卧,3
1.5,3
邮件系统,3
25000,3
结婚,3
High,3
30pm,3
严格要求,3
变量,3
考核,3
Script,3
采购,3
只要,3
效能,3
某个,3
CDN,3
某一,3
统筹,3
cross,3
MTK,3
tcp,3
SHELL,3
stakeholders,3
沙路,3
師,3
油画,3
analyses,3
层,3
升版,3
兴,3
多维度,3
尽快,3
性质,3
CSRF,3
居于,2
第二,2
USRP,2
洞,2
网络应用,2
卡拉,2
SPI,2
SPA,2
学科,2
消费结构,2
bringing,2
难以,2
世纪,2
线下,2
JNI,2
文献资料,2
第一,2
scraper,2
第三,2
突发,2
elegant,2
QGIS,2
为了,2
contributes,2
明确,2
户外活动,2
餐,2
Basic,2
STM32,2
therefore,2
端游,2
另有,2
为佳,2
Text,2
EDM,2
有加,2
example,2
★,2
诚邀,2
层及,2
Quant,2
Sign,2
preferably,2
拟筹,2
flight,2
travel,2
how,2
methodology,2
一段,2
锂电池,2
preferable,2
Haskell,2
keeps,2
语文,2
LABVIEW,2
操作命令,2
rewarded,2
价值观,2
基地,2
competitiveness,2
及线,2
学,2
外宿,2
knockout,2
予,2
spider,2
三层,2
托管,2
网络通讯,2
有公,2
奥赛,2
突出,2
可执行性,2
foundation,2
双赢,2
University,2
金融交易,2
江,2
exposing,2
弱点,2
转化率,2
台账,2
连续,2
导师,2
purpose,2
Please,2
北京航空航天大学,2
appscan,2
Sonix,2
详情请,2
API3,2
桩,2
可测性,2
构件,2
奋斗,2
趴,2
doors,2
全力,2
专业性,2
当,2
发币量,2
jupyter,2
tech,2
着重,2
南开大学,2
abreast,2
资金雄厚,2
打包,2
编辑,2
Pycharm,2
djangle,2
或多门,2
accordance,2
发行版,2
计算机技术,2
evolving,2
convey,2
result,2
协查,2
微博,2
Nagios,2
三项,2
asked,2
极光,2
留意,2
失效,2
能源,2
组长,2
瑜伽,2
extraction,2
20%,2
复旦大学,2
小型车,2
同花顺,2
Responsible,2
player,2
容载,2
取得,2
TSDB,2
探寻,2
aotain,2
开关,2
卫生间,2
胸襟,2
workforce,2
舒舒服服,2
零部件,2
辅导工作,2
academic,2
保管,2
SummaryThe,2
保驾护航,2
easy,2
本钱,2
bugfree,2
sanic,2
unique,2
燥,2
签,2
超过,2
培训期,2
Application,2
MP4,2
中广核,2
心理压力,2
creative,2
一满乐,2
找到,2
continue,2
ssh2,2
法律,2
稳健,2
MyAQL,2
风云,2
manufacturing,2
富于,2
MPI,2
二维码,2
侧重,2
纠错,2
减肥,2
Leaderboard,2
fabric,2
UE100,2
nova,2
B506,2
杀,2
量,2
市场调研,2
自治,2
一丝不苟,2
Schematic,2
accounting,2
主体,2
Maya,2
Track,2
搭,2
Tonado,2
派对,2
E,2
数据业务,2
密切,2
空压机,2
Charles,2
push,2
反映,2
实体,2
Desktop,2
卷积,2
西路,2
minute,2
健壮性,2
项目风险,2
一批,2
智能仪表,2
M3,2
自控,2
multicastKnowledge,2
冰冷,2
操守,2
多类,2
布吉布,2
NoSql,2
导向,2
编译成,2
各矿,2
MS,2
SQLSERVER2008,2
高等数学,2
真实,2
tasks,2
Glide,2
IPython,2
towards,2
职场,2
原始数据,2
辅助工具,2
正在,2
仅,2
visual,2
这个,2
指,2
起航,2
新鲜,2
壁垒,2
Objective,2
231,2
这份,2
Why,2
计入,2
STL,2
这些,2
improving,2
codes,2
natural,2
测评,2
嗨,2
横向,2
软,2
TFT,2
NEO,2
course,2
合适,2
填写,2
TypeFull,2
常,2
值,2
责任制,2
自行安排,2
Reinforcement,2
发,2
進行,2
需轮,2
早餐,2
Welcome,2
春节,2
Protobuf,2
中国科学院,2
处理程序,2
而定,2
hibernate,2
系统升级,2
外包,2
上午,2
扛,2
浦街,2
梯度,2
盲点,2
外区,2
8051,2
ATE,2
spoken,2
涵盖,2
资金,2
闭环,2
methodology.5,2
知识者,2
Webservice,2
制表,2
身心健康,2
外加,2
Analytics,2
直播,2
澄清,2
sas,2
房补,2
instructed,2
好要,2
take,2
欢迎您,2
衍生品,2
Chef,2
Electronics,2
万元,2
大亨,2
周休,2
微波炉,2
即享,2
自有,2
between,2
公共服务,2
Having,2
Office,2
达标者,2
正则,2
有微,2
where,2
勿,2
供应,2
BIEE,2
screen,2
十晚,2
HaProxy,2
生命,2
有强,2
咖级,2
补丁,2
allowance,2
University5000,2
UCloud,2
日均,2
GeoServer,2
极好,2
逾,2
yzw,2
层级,2
指导书,2
一条,2
极大,2
Saiku,2
postgraduates,2
enabling,2
Sqlalchemy,2
verifies,2
13544249005,2
DescriptionWe,2
I,2
外向,2
伯公,2
PWM,2
Port,2
being,2
激光,2
取后,2
vsftpd,2
JQueryKnowledge,2
适应能力,2
Mong,2
around,2
制走,2
Token,2
重要性,2
泛型,2
world,2
Note,2
媒体,2
嵌入式操作系统,2
计划性,2
GeoTools,2
电子学,2
坐车,2
中心化,2
energetic,2
广东,2
优软云,2
朱,2
Cosos,2
中心区,2
商业价值,2
比邻,2
程序调试,2
druid,2
明白,2
变换,2
作出,2
No,2
Jetty,2
康佳,2
重点高校,2
采纳,2
一支,2
泄密,2
RestAPI,2
高度负责,2
上海交通大学,2
毗邻,2
continuum,2
Real,2
高质,2
远大前程,2
异地,2
Password,2
韧性,2
webservice,2
派发,2
Hardware,2
改良,2
学习态度,2
国家标准,2
标杆,2
fairness,2
Houdini,2
数百个,2
洞察,2
skillsIn,2
优劣势,2
HMI,2
QualificationsWhat,2
查,2
实地,2
large,2
热忱,2
Must,2
methodical,2
能源行业,2
推行,2
full,2
Xgboost,2
检验,2
compliance,2
robortium,2
进取,2
vii,2
sensors,2
股,2
大厅,2
VEX,2
keeping,2
使用率,2
Your,2
开发区,2
东站,2
履带式,2
知名企业,2
天安,2
开发包,2
进化,2
mapping,2
Sqlite,2
jiang,2
RSA,2
主备,2
高通量,2
attitude,2
its,2
复合型,2
发送到,2
WINDOWS,2
打车,2
评选,2
噪声,2
早期,2
销售策略,2
培训班,2
Rose,2
reduce,2
端午节,2
高速,2
HDL,2
输入,2
Report,2
Builder,2
教研,2
II,2
申贷,2
MGM,2
锻炼身体,2
奖项,2
滤波器,2
major,2
大冲,2
Elastic,2
LUA,2
只是,2
3PAR,2
演化,2
借助,2
参数设置,2
搜索算法,2
PythonAI,2
质量保证,2
业余生活,2
opportunities10,2
可追溯,2
Succeeding,2
湾,2
补全,2
internal,2
进入,2
网络系统,2
微众,2
获取信息,2
职业生涯,2
体,2
兑换,2
plan,2
understands,2
也许,2
cover,2
Cloud,2
点对点,2
跨部门,2
演讲比赛,2
产,2
逾期,2
writes,2
Base,2
sunny,2
后盾,2
事业心,2
crf,2
作品集,2
Gmail,2
toResponsible,2
前一天,2
硬件平台,2
thrive,2
获客,2
influxdb,2
保障系统,2
美工设计,2
lask,2
请贴,2
Calculus,2
gruntJS,2
acceptance,2
灾难,2
分词,2
招纳,2
线路,2
那么,2
budget,2
nanan,2
传递,2
optimization,2
Solitidy,2
issuesWork,2
增量,2
涂料,2
百万,2
IaaS,2
预先,2
物理系,2
欢脱,2
WEKA,2
东线,2
纹理,2
Programmer,2
Quality,2
捕获,2
仙居,2
纷繁复杂,2
Numy,2
获奖,2
location,2
input,2
jhlfund,2
projects,2
OO,2
ON,2
OK,2
scapy,2
领悟力,2
旅游团,2
Wish,2
物流,2
Haproxy,2
Rabbitmq,2
细分,2
odoo,2
递归,2
实况,2
乃至,2
Hbase,2
当然,2
smallcell,2
加壳,2
无人,2
Flume,2
span,2
submit,2
User,2
Oracel,2
xpath,2
IoT,2
3606,2
18086036231,2
中餐,2
培养目标,2
增长量,2
信息流,2
累计,2
飞扬,2
MES,2
continuously,2
控制软件,2
概率,2
子女教育,2
耽误,2
电视,2
咖啡厅,2
技术类,2
elements,2
细化,2
质量检查,2
法令,2
有时候,2
桌游,2
methodologies,2
algorithm,2
笔试,2
污萌,2
国际,2
根源,2
书籍,2
西,2
code,2
光芒,2
broader,2
send,2
发起,2
非营利性,2
halcon,2
UIAutomator,2
Currently,2
满意,2
showreel,2
遵循,2
wireshark,2
名次,2
云去,2
26616688,2
一金入,2
一金六,2
great,2
engage,2
webinspect,2
令,2
involved,2
东环,2
大家,2
迈瑞,2
独自,2
归类,2
大宗,2
公开课,2
切实有效,2
及早,2
Solr,2
數字,2
洞察力,2
potential,2
讨论会,2
处置,2
integrating,2
Mainly,2
径,2
广大,2
educational,2
NodeJS,2
CISSP,2
用法,2
MaxCompute,2
住,2
Datasheet,2
society,2
病毒,2
多活,2
力,2
学生,2
想到,2
degrees,2
2015,2
OSPF,2
Solid,2
realize,2
主力,2
undertaking,2
Squid,2
VIO,2
SERVER,2
极为,2
STAF,2
Widgets,2
meta,2
',2
各方,2
牛,2
链接,2
瑟,2
股权,2
解调,2
处理器,2
youA,2
owner,2
系统命令,2
极佳,2
塑胶,2
订购,2
電子,2
常用软件,2
信令,2
信仰,2
信任,2
dubbo,2
降低成本,2
爱,2
中间,2
competence,2
标注,2
暴雨,2
安全可靠,2
半导体技术,2
环境优美,2
严密,2
face,2
遥感,2
restfull,2
bring,2
EXP,2
uWsgi,2
Keep,2
知识面,2
法律法规,2
工具化,2
Once,2
WebAPI4,2
WebAPI3,2
绘制,2
受训,2
价,2
装,2
soincwall,2
遵守,2
回家,2
PK,2
招投标,2
疑难,2
档,2
MapReduce,2
恶意,2
故障诊断,2
能看懂,2
cinder,2
ci,2
得,2
建筑物,2
LogStash,2
scanner,2
亮点,2
飞亚达,2
周年,2
发表,2
系统化,2
Seniority,2
前进,2
vi,2
中国科技大学,2
Oracle5,2
指出,2
ofA,2
思科,2
母语,2
3GPP,2
proficiency,2
矩阵,2
command,2
遥望,2
紧急任务,2
节省,2
less,2
自由,2
顾问,2
Company,2
password,2
政府,2
gevent,2
即将,2
财务管理,2
顺利进行,2
keystone,2
结构设计,2
之,2
招生,2
pressure,2
haproxy,2
多模,2
大屏,2
Yarn,2
全责,2
收益率,2
function,2
可读性,2
狼人,2
delivery,2
意外险,2
htmlunit,2
一番,2
Mogilefs,2
deliver,2
CIE,2
contribute,2
CIO,2
Bitek,2
H248,2
variety,2
即时通讯,2
周岁,2
OpenGLES,2
商超,2
exposure,2
正,2
OOA,2
葡萄,2
回声,2
红外线,2
diango,2
Agile,2
坚定,2
人生,2
18019395592,2
XGBoost,2
虚拟环境,2
unity3d,2
创业者,2
容错性,2
南头,2
Ftp,2
事物,2
旨在,2
名单,2
HtmlParser,2
Jupyter,2
easyUI,2
静态,2
五年,2
操作界面,2
平等,2
VHDL,2
最后,2
展讯,2
srilm,2
glance,2
keepalive,2
广东省,2
产生,2
创新性,2
bundled,2
供应商,2
晚自习,2
以太网,2
erp,2
这是,2
ORM,2
欧洲,2
inclusive,2
优雅,2
就业辅导,2
广告投放,2
Scikit,2
软件平台,2
CSS3Knowledge,2
精,2
中小企业,2
督促,2
靠近,2
摸底,2
软件工具,2
innovative,2
备案,2
生产资料,2
下降,2
production,2
then,2
么,2
及库,2
实收,2
居住地,2
axure,2
快消,2
分类器,2
前面,2
美工,2
standard,2
网桥,2
monkey,2
mvp,2
见解,2
abilityStrong,2
统一规划,2
creates,2
mvc,2
benchmarking,2
如需,2
上半年,2
操控,2
咖啡机,2
行动计划,2
好多,2
安全措施,2
opportunity,2
汽车站,2
加法,2
同业,2
SqlServer,2
组态,2
Preparation,2
学信,2
丰巢,2
内为,2
Qlikview,2
关联性,2
走进,2
实操,2
时请,2
股市,2
随手,2
针对性,2
practices,2
参数,2
不限,2
血压,2
宝利,2
报酬,2
里,2
windwos,2
Vision,2
calculated,2
公共安全,2
QC,2
驾驭能力,2
数据库安全,2
园内,2
一下,2
Nsqd,2
身体,2
PAD,2
Riak,2
疑难杂症,2
PERL,2
旁,2
投影仪,2
具可,2
scalable,2
移动网,2
Worked,2
最具,2
系,2
AES,2
网游,2
techniques,2
储存,2
独当一面,2
就读,2
富泉,2
一人,2
多倍,2
电气工程,2
定位系统,2
huang,2
received,2
水文,2
爬坡,2
面貌,2
抑制,2
主导作用,2
Machine,2
庆典,2
要强,2
Tomcatde,2
保密,2
实拍,2
perform,2
微信微,2
1819,2
其余,2
zhengkui,2
independent,2
juniper,2
览,2
client,2
casperjs,2
奇崛,2
准确性,2
契约,2
family,2
优酷,2
RS485,2
Lavarel,2
美好,2
共进退,2
reusable,2
多加,2
投资者,2
security,2
accuracy,2
JUnit,2
天汇,2
写则,2
FreeRTOS,2
Memcache,2
marketing,2
web3,2
周日,2
文娱,2
costs,2
储备,2
xyy,2
一号线,2
承压,2
way,2
自动测试,2
力求,2
建设性,2
reset,2
Torch,2
轰,2
如库表,2
sklearn,2
商品销售,2
expertise,2
电子版,2
证券交易,2
website,2
Iptables,2
Mybaits,2
CloudTest,2
modules,2
together,2
与非,2
paced,2
concept,2
北京理工大学,2
看板,2
varnish,2
9289,2
flash,2
must,2
公车站,2
数字电路,2
Tech,2
郑小姐,2
Global,2
产品规格,2
技术人员,2
计算方法,2
USRP2,2
值夜班,2
PCR,2
htk,2
多层,2
PCB,2
流通,2
CMS,2
机箱,2
experienceBachelor,2
词库,2
精耕细作,2
一部分,2
corosync,2
supporting,2
v,2
PEP8,2
有利于,2
多少,2
UHD,2
Fueling,2
或是,2
多角度,2
letron,2
Appnium,2
stereoscopic,2
教学计划,2
BSP,2
CISP,2
化内训,2
CISA,2
Affiliate,2
图队,2
SBX,2
Andorid,2
KOA,2
从此,2
spm,2
occur,2
lxml,2
write,2
OPENCV,2
人际沟通,2
OAuth,2
View,2
Radio,2
机软件,2
reduis,2
宝安,2
cola,2
Kademlia,2
Html5,2
操作者,2
作用,2
坚决,2
阅览室,2
保障部门,2
pycharm,2
高精度,2
愿景,2
ex,2
es,2
商品信息,2
洪浪北,2
AWVS,2
looking,2
inevitably,2
差异化,2
Linker,2
通信工程,2
岗位培训,2
directly,2
程序实现,2
大概,2
iaas,2
KEGG,2
主控,2
x3,2
线性代数,2
professionals,2
居民,2
optimise,2
Creator,2
generational,2
方法论,2
investors,2
版块,2
PhD,2
86128987,2
equipment,2
热水器,2
online,2
科系,2
大楼,2
Webview,2
险,2
professional,2
系统核心,2
Role,2
Z,2
monkeyrunner,2
only,2
青,2
gensim,2
快捷,2
云服,2
绽放,2
朝,2
网易,2
Coordinating,2
微等,2
各反,2
机架式,2
预案,2
Team,2
vue,2
搅拌机,2
华亚,2
comes,2
过节,2
熟练者,2
Leader,2
渠道,2
hyperledger,2
external,2
盛誉,2
Cocos2dx,2
developing,2
转,2
碳纳米管,2
2713763985,2
GNU,2
及容灾,2
抵消,2
室,2
15707901503,2
人工,2
OPC,2
fruit,2
Logistic,2
CBD3,2
柜,2
libp2p,2
abilityExcellent,2
SDR,2
Telecom,2
多大,2
上机操作,2
RDBMS,2
relevant,2
Linear,2
delightful,2
read,2
POC,2
手软,2
自主权,2
Effectively,2
benefit,2
fully,2
cisco,2
主导产品,2
收集整理,2
Struts,2
同理,2
MonogoDB,2
BURP,2
产业园,2
人脉,2
黑客攻击,2
puttet,2
EMBL,2
趣味,2
或同,2
Redux,2
事件驱动,2
struts2,2
ethereum,2
Solutions,2
Forgot,2
Adb,2
科研,2
area,2
保养,2
low,2
lot,2
Tornodo,2
湖,2
trying,2
603,2
主板,2
择时,2
forResponsible,2
构成,2
基站,2
二路,2
mathematics,2
sfirm,2
市场需求,2
锻炼,2
60k,2
恢复性,2
交界处,2
SOAP,2
看到,2
overseas,2
demo,2
　,2
唯品,2
LSTM,2
伪,2
基本常识,2
very,2
锦上添花,2
minded,2
定性,2
披露,2
LDAP,2
study,2
吃,2
扫描仪,2
失,2
千人,2
流行,2
answers,2
strong,2
怎么,2
注,2
长先,2
补班,2
新人奖,2
网管,2
美丽,2
嘚,2
改善服务,2
之后,2
加级,2
SZ,2
ST,2
理论物理,2
送,2
掌,2
spokenMerits,2
CAN,2
呼叫,2
ISO27001,2
由内而外,2
详述,2
Product,2
南,2
投中,2
公司业绩,2
bugs,2
Deep,2
developerRequired,2
一对,2
OGC,2
签订合同,2
什么,2
Firmware,2
Samba,2
MIS,2
WebDriver,2
事情,2
电磁灶,2
motivated,2
享餐,2
集中管理,2
电销,2
慢,2
云等云,2
信服,2
多任务处理,2
角色,2
beyond,2
做成,2
人物,2
成绩突出,2
mysq,2
深大,2
消息中间件,2
上次,2
有意,2
静,2
程序库,2
免杀,2
DApp,2
集中,2
路演,2
weblogic,2
SQLAlchemy,2
Websocket,2
M4,2
论证,2
个人见解,2
文体,2
广域网,2
WBX,2
experience6,2
归因,2
experience2,2
experience8,2
主策,2
lib,2
Spring3,2
Spirit,2
experienced,2
ChatBot,2
竞争对手,2
AMQP,2
电钻,2
mobile,2
calling,2
或物,2
latest,2
金融公司,2
资源分配,2
hyper,2
被测,2
APACHE,2
Junit,2
运转,2
yearQuarterly,2
镜头,2
汽车行业,2
一带,2
产品策划,2
Scripting,2
或云,2
international,2
诸如,2
锁,2
culture,2
close,2
很快,2
物体,2
Park,2
手推车,2
图像去噪,2
扁平化,2
降噪,2
上海,2
上沙,2
优良,2
到达,2
Especially,2
过高,2
生物制药,2
研发部门,2
pace,2
物理层,2
外汇,2
Kvm,2
制造业,2
七号,2
used,2
bonus,2
块,2
布吉大芬,2
reviewed,2
Webpack,2
考查,2
分布式文件系统,2
Burpsuit,2
过节费,2
evaluate,2
shunchang,2
signal,2
popular,2
trends,2
随时欢迎,2
delivered,2
指纹识别,2
随着,2
硅谷,2
延迟,2
高学历,2
Mstar,2
有趣,2
提醒,2
ceilometer,2
grafna,2
ids,2
元件,2
课,2
屏蔽,2
robust,2
servicesKnowledge,2
癖,2
最优化,2
之前,2
heterogeneous,2
网吧,2
身体健康,2
粉丝,2
管理模式,2
TI,2
独特,2
AD,2
对象,2
T4,2
AR,2
Implement,2
webdriver,2
independently,2
大容量,2
福田区,2
管网,2
As,2
促使,2
At,2
requires,2
一切,2
旅程,2
wxhukaixin,2
Self,2
外,2
春节假期,2
牵头,2
一到,2
未成年,2
Conducting,2
北京大学,2
当年,2
按键精灵,2
筛选,2
button,2
准确度,2
即端,2
课堂,2
Camera,2
click,2
税后,2
Swift,2
深南,2
日报,2
following,2
skills4,2
B889,2
skills3,2
Yii,2
成功经验,2
算,2
医学影像,2
cloud,2
Qualifications,2
JSP,2
花园,2
缺一不可,2
benchmark,2
Axure,2
starter,2
会议,2
愉悦,2
control,2
每逢,2
新能源,2
awvs,2
located,2
室联,2
看盘,2
Assisting,2
调岗及,2
字,2
一句,2
租户,2
真正,2
成绩优秀,2
估算,2
开朗,2
RAC,2
Sitemesh,2
反向,2
游,2
客户关系,2
人间,2
工作者,2
优质,2
Kylin,2
多人,2
technology7,2
Statistics,2
用信,2
special,2
Kanban,2
CEO,2
具体任务,2
PKI,2
杂实,2
加密协议,2
到职,2
keep,2
resumes,2
art,2
可脑,2
management,2
王先生,2
ASM,2
DMA,2
JavaBeans,2
herself,2
沙河,2
后始,2
providing,2
Information,2
激励机制,2
下述,2
need,2
buildroot,2
较为,2
KLOOK,2
角度看,2
上手,2
下达,2
品学兼优,2
consequences,2
大神,2
台,2
树脂,2
水果,2
下补,2
EtcdHadoop,2
婚庆,2
LNMP,2
大约,2
based,2
earned,2
五分钟,2
bases,2
employee,2
核,2
端午,2
processes,2
不要,2
拿,2
化等,2
legacy,2
大批量,2
透视,2
博弈论,2
唱,2
决策性,2
key,2
省外,2
distribution,2
依照,2
做得好,2
优势互补,2
环境规划,2
Propose,2
总体设计,2
钱,2
developerAs,2
NLTK,2
git5,2
预警系统,2
感觉,2
箅,2
And,2
合作方,2
兼容问题,2
capture,2
Oxford,2
frequently,2
结合实际,2
MacOS,2
可萌,2
BB,2
一同,2
施工,2
kenlm,2
GSM,2
Be,2
考勤制度,2
法有,2
stratum,2
迈卡,2
一员,2
necessary,2
一周,2
page,2
PowerDesigner,2
有流,2
home,2
预处理,2
P1006079,2
市场行情,2
rewarding,2
ROS,2
limitations,2
条形码,2
系统工程,2
回租,2
告别,2
纵向,2
控制系统,2
讲求,2
公共设施,2
Microsoft,2
UX,2
3500,2
UE,2
异构,2
选取,2
IDM,2
MaTLAB,2
预算,2
0.88%,2
西安交通大学,2
PMO,2
热点,2
Plan,2
goals,2
Theano,2
七夕,2
springMVC,2
BugZilla,2
stories,2
ExtJS,2
车公庙,2
Thus,2
Wave,2
官,2
施展,2
薪金,2
kuberneter,2
立项,2
friends,2
sphinx,2
htmlparser,2
运筹,2
凝聚,2
consists,2
skill5,2
谈判,2
研究院,2
collaborate,2
期中,2
改删,2
篮球,2
充电,2
游泳,2
vast,2
整机,2
新工艺,2
电机,2
solution,2
己任,2
服务水平,2
10K,2
精选,2
摄影,2
勤奋努力,2
不用,2
教,2
让你在,2
全勤,2
学习者,2
向上,2
消除,2
重用,2
QPS2,2
反汇编,2
事件处理,2
training,2
uiautomator,2
雨,2
NetApp,2
定量,2
留存,2
想要,2
北理工,2
amazing,2
静脉,2
拥护,2
django2,2
音响,2
发送至,2
获赠,2
组织协调,2
fortify,2
ESXI,2
发展壮大,2
知晓,2
梯队,2
查阅,2
半天,2
side,2
Apicloud,2
每次,2
领悟,2
10000P,2
forgot,2
新型,2
NLP,2
HMM,2
点赞,2
设计规范,2
ExtAngularJS,2
MyEclipse,2
热爱工作,2
DLP,2
收银,2
holidays,2
从而,2
检查组,2
脑洞,2
SSM,2
SSH,2
严苛,2
成像,2
加解密,2
付诸实践,2
ECC,2
适应力,2
RMB,2
Mesh,2
ECS,2
制,2
nutch,2
realization,2
机遇,2
分工,2
感知,2
将会,2
modern,2
mind,2
Celery,2
Animation,2
畅通,2
特殊,2
木棉,2
历练,2
展,2
chatterbot,2
公交,2
新围,2
medical,2
dos,2
consumer,2
Huawei,2
追加,2
specialists,2
依,2
区,2
reconstruction,2
competitive,2
极速,2
编码器,2
配准,2
图形图像,2
Instrumentation,2
UIKit,2
信息检索,2
M376,2
Microchip,2
由前,2
勤于思考,2
独角兽,2
稿,2
全国,2
性能需求,2
a2hzp.8244740,2
Chinese7,2
电动汽车,2
LevelMid,2
uni,2
Lang2,2
毛发,2
房地产,2
层面,2
basis,2
basic,2
C1,2
频谱,2
生命周期,2
CA,2
CS,2
163,2
套利,2
初步,2
I2C,2
期望,2
门户,2
iv,2
ii,2
make,2
®,2
复印机,2
VC,2
720P,2
VM,2
delight,2
jiajia,2
得以,2
团,2
个人信用,2
materials,2
qualities,2
ldquo,2
yours,2
Native,2
assigned,2
威力,2
使命感,2
红包,2
全员,2
Cisco,2
B829,2
电影院,2
深圳市政府,2
CCNA,2
rdquo,2
双目,2
还会,2
使用手册,2
智能算法,2
DevOps,2
村同,2
制定方案,2
参考,2
践行,2
师从,2
校准,2
代码优化,2
commit,2
Express,2
Scrapy6,2
intellectual,2
稳重,2
客户端程序,2
社会保险,2
口号,2
建立健全,2
拓扑图,2
黑,2
fdfs,2
网路,2
Puppet,2
根本原因,2
策略师,2
diagnose,2
网贷,2
golang,2
NoSQLKnowledge,2
工时,2
7x24,2
digital,2
LevelDB,2
规划设计,2
多种形式,2
WebLOAD,2
作风,2
billion,2
从业人员,2
会用,2
兼具,2
过安卓,2
DRBD,2
windows10,2
manager,2
methodsFamiliar,2
下半年,2
务实,2
见,2
設計,2
金,2
抽象化,2
小家电,2
div,2
港,2
设有,2
市场前景,2
西餐厅,2
人来,2
box,2
shift,2
企业应用,2
第一批,2
一致性,2
Technology,2
ngular,2
visit,2
scenarios,2
ARCGIS,2
海投,2
共性,2
编程技术,2
病历,2
知识结构,2
桌面开发,2
陪,2
监护仪,2
reviews,2
making,2
清,2
mongo,2
CenterOS,2
每日,2
map,2
designer,2
designed,2
grow,2
批量,2
平稳,2
养,2
头脑灵活,2
VFX,2
development3,2
家用电器,2
matpoltlib,2
落户,2
finance,2
数学模型,2
影楼,2
Minimum,2
tcudump,2
ngnix,2
RTL,2
单休,2
锦华,2
采取有效,2
人数,2
偶有,2
痴迷,2
客户服务器,2
think,2
朝气,2
Arduino,2
patternsBe,2
long,2
carry,2
interchange,2
发帖,2
家用,2
高强度,2
speaking,2
抢红包,2
亲和力,2
口径,2
technologists,2
gathering,2
不合理,2
efficient,2
WiFi,2
海思,2
GoJS,2
track,2
隔海,2
MongoDB5,2
paid,2
共担,2
网络拓扑,2
D3,2
kwok,2
Graduate,2
20000P,2
boundaries,2
无障碍,2
Proficient,2
get,2
完整性,2
拟,2
分别,2
communicates,2
高上,2
uCOS,2
Provide,2
considered,2
自定义,2
人际关系,2
across,2
存储空间,2
infrastructure,2
spring,2
部,2
according,2
Openstack,2
firewall,2
Paddle,2
innovations,2
几点,2
disciplinary,2
分发,2
房产,2
分布式服务,2
COME,2
iwebkit,2
youku,2
国,2
选择器,2
middle,2
AVFoundation,2
Intermediate,2
所学,2
历炼,2
speech,2
朴素,2
流畅,2
電路,2
哦,2
全志,2
手法,2
成就,2
创投,2
共有,2
视野,2
特殊要求,2
化解,2
随迁,2
仔细阅读,2
经济学,2
积极向上,2
国信,2
NCBI,2
Streaming,2
either,2
数据库管理员,2
铁岗,2
极高,2
Net,2
新安,2
暂定,2
国企,2
sqlmap,2
不符,2
清华大学,2
面板,2
COCOS,2
隐患,2
实行,2
inbox,2
VMare,2
复现,2
cacti,2
ember,2
附带,2
时期,2
USB,2
videos,2
人性,2
GBDT,2
最前沿,2
kdevelop,2
Algebra,2
数据源,2
depth,2
Mindmanager,2
students,2
妥善解决,2
他,2
软硬,2
大赛,2
淘汰,2
resolution,2
Visio,2
represent,2
SIP,2
founder,2
万起,2
responsiveness,2
转正,2
GlusterFS,2
ATPG,2
编定,2
POP3,2
对比,2
主页,2
列,2
避税,2
初级,2
户,2
5000,2
component,2
测试程序,2
何,2
Rxjava,2
崛起,2
机械设计,2
json6,2
aptitude,2
问答,2
Europe,2
阳台,2
LTE,2
particular,2
FME,2
dex,2
13332987237,2
specialized,2
易读,2
minimum,2
步行,2
电动工具,2
内容分析,2
Stack,2
股票交易,2
个性,2
使,2
青年,2
传真机,2
师,2
金融证券,2
无论,2
26,2
27,2
22,2
28,2
中山,2
精英,2
划出,2
李,2
开发部,2
levelIndustryEmployment,2
disciplines2,2
外训,2
外设,2
subsystem,2
Fiddler,2
mental,2
house,2
sencha,2
产品销售,2
达,2
FTT,2
询问,2
EA,2
members,2
腐败,2
ER,2
硕士生,2
生物工程,2
COBIT,2
罗湖,2
有能,2
阿尔法,2
least,2
WPF,2
公布,2
文案,2
part,2
Problem,2
朋友圈,2
2028,2
按规定,2
ceph,2
职报,2
Deepdive,2
built,2
Power,2
口语,2
Walmart,2
build,2
账户,2
不是,2
serviced,2
忽略,2
most,2
周六日,2
子,2
原件,2
focussing,2
年薪,2
串口,2
高兴,2
气场,2
剧院,2
通信协议,2
姿态,2
确定,2
警务,2
Ucos,2
please,2
没错,2
高效率,2
Programming,2
大院,2
从运维,2
j2ee,2
时,2
consume,2
走近,2
backend,2
creativity,2
电路设计,2
局域网络,2
NDK,2
初筛,2
Mockplus,2
电脑硬件,2
attractors,2
技术细节,2
solid,2
园,2
执行官,2
careers,2
份,2
数量化,2
DRDS,2
收获,2
极致,2
活,2
职员,2
取过,2
assignment,2
比,2
团对,2
双方,2
职后,2
视角,2
CUHK,2
级别,2
defibrillator,2
source,2
Logstash,2
uDig,2
市场学,2
回撤,2
可污,2
有薪,2
超强,2
增删,2
ActiveMQ,2
满满,2
经营策略,2
消耗,2
prototyping,2
吗,2
网络结构,2
lightning,2
乙方,2
decision,2
proficient,2
saas,2
integration,2
per,2
30K,2
robotium,2
Tomca,2
创造力,2
305,2
O,2
小型,2
一卡通,2
对用,2
blockchain,2
投入,2
openerp,2
强调,2
自驱力,2
Excellent,2
theinnovative,2
不拘,2
多方面,2
传到,2
中央,2
业务培训,2
修过,2
够,2
Mac,2
Case,2
西丽镇,2
DELL,2
软件园,2
写字楼,2
因子,2
页,2
Determine,2
调优及,2
过硬,2
号京基,2
暴露,2
巴士,2
编号,2
金融业务,2
下水,2
带动,2
androidsdk,2
整体实力,2
会计,2
vmware,2
Maxfun,2
国外,2
jboss,2
bachelor,2
IMAP,2
Chinese,2
32,2
Kibana,2
管道,2
下沙,2
率,2
展现,2
private,2
芯,2
文体活动,2
Nice,2
频道,2
chn,2
对抗,2
DFS,2
iii,2
上能,2
f,2
memched,2
自动,2
sqlite,2
瑞星,2
起到,2
Ensures,2
顶层,2
responsibilities,2
HTTP2,2
客群,2
机加工,2
日活,2
无聊,2
顶尖,2
还原,2
industries,2
较差,2
中英文,2
ll,2
ECMA6,2
willing,2
大部分,2
清华北大,2
专研,2
3ds,2
From,2
电气控制,2
mate,2
China,2
八层,2
模擬,2
更改,2
Though,2
elasticsearch,2
UN210,2
心率,2
聚类分析,2
帮,2
mybatis,2
互相帮助,2
平均年龄,2
配件,2
ipad,2
Cluster,2
电子元件,2
来源,2
我,2
Sphinx,2
互动,2
acceleration,2
工科,2
减少,2
尽职尽责,2
信息管理,2
WARP,2
Some,2
坳,2
灰度,2
谷自研,2
Moneky,2
成为,2
charles,2
portfolio,2
传奇,2
尺码,2
技术移民,2
Thrift,2
本行业,2
pyspark,2
简介,2
areas,2
toprand,2
成,2
approach,2
OpenVSwitch,2
一亿,2
processes.3,2
意向,2
站立,2
Grading,2
–,2
求职者,2
Scrum,2
difficulties,2
progress,2
有车,2
光,2
材质,2
潜在用户,2
数码城,2
otherwise,2
号召力,2
RGV,2
专网,2
中山大学,2
json,2
号华昱,2
teamwork,2
indicators,2
增多,2
处理软件,2
SMTP,2
小额贷款,2
双活,2
retrofit2.0,2
全体,2
promotes,2
数据处理系统,2
仔细认真,2
squid,2
东联,2
SOA,2
SOC,2
手机游戏,2
引流,2
心电,2
reporting,2
实验,2
临近,2
兴趣爱好,2
说得好,2
利益,2
position,2
按计划,2
市中心,2
domestic,2
对方,2
位姿,2
市场化,2
bench,2
add,2
生态园,2
开荒,2
Release,2
赢,2
软件技术,2
MapGIS,2
初学者,2
proper,2
OSX,2
内部测试,2
相框,2
OSI,2
姓名,2
提供商,2
Robot,2
技術員,2
导航,2
projectors,2
开,2
奉献,2
积木,2
Jdk,2
新澜,2
flexible,2
优异者,2
地图,2
图形用户界面,2
自助式,2
联合体,2
OpenFlow,2
并行,2
UMzE1MzM4ODkwOA,2
Couchbase,2
房屋,2
数字化,2
Postfix,2
手续,2
传输层,2
合伙人,2
生态圈,2
philips,2
是否,2
他们,2
传媒,2
从洛丁,2
CMOS,2
案件,2
WebView,2
安全隐患,2
惊喜,2
过保,2
数百万,2
GO,2
话,2
直达,2
网络体系,2
用过,2
经过,2
规格,2
亲自,2
自设,2
Draws,2
disciplines,2
direct,2
System,2
studio,2
path,2
testing.2,2
property,2
业务部,2
mokey,2
changed,2
人体,2
Support,2
洗衣机,2
信息提取,2
人人,2
没理由,2
禁止,2
ReactJS,2
宏观,2
PostGIS,2
Andriod,2
符合要求,2
广告行业,2
其他软件,2
访谈,2
测控,2
estate,2
阶段性,2
圣诞节,2
IIS,2
流失,2
老板,2
parallel,2
与其,2
满意度,2
不会,2
入门,2
面谈,2
公交路线,2
缺失,2
SAN,2
401,2
共创,2
婚育,2
足球,2
DBM,2
odbc,2
each,2
对大,2
learningExperience,2
msgpack,2
okhttp,2
动机,2
GCC,2
GCD,2
繁华,2
ASP,2
福永,2
赋能,2
mangodb,2
cola8,2
coding,2
primary,2
中秋节,2
Realtek,2
bitcoin,2
SQLMAP,2
Search,2
投放,2
tool,2
食宿,2
roles,2
HTMIL5,2
自行,2
概率论,2
好身材,2
JQueryMobile,2
Enterprise,2
银行业务,2
绘画,2
刻骨铭心,2
度过,2
物理化学,2
timeJob,2
停车场,2
enterprise,2
对微,2
周期性,2
对待,2
Matplotlib,2
学术性,2
mixture,2
谱估计,2
armbian,2
amazon,2
粒子,2
couchbase,2
布局调整,2
几大,2
habit,2
detection,2
机电,2
5G,2
返回,2
Ability,2
一身,2
ContactIf,2
player6,2
365,2
improve,2
Contribute,2
operating,2
留,2
牛顿,2
quickly,2
全面提高,2
craft,2
benefits,2
突出贡献,2
运维小,2
EurekaMongoDB,2
控制措施,2
complex,2
Pytnon,2
漂流,2
所得税,2
时效性,2
Managed,2
testng,2
Manager,2
研,2
STL2,2
标配,2
脚,2
monitored,2
现,2
elf,2
管理中心,2
Cacti,2
用户量,2
50,2
Responsive,2
时代,2
HR,2
HT,2
环保,2
会员,2
HA,2
tutorial,2
报名,2
Pyth,2
发展期,2
试验,2
东路,2
内请,2
智恒,2
core,2
网,2
内训,2
支付宝,2
每位,2
传授,2
速来,2
蚁,2
最,2
Hong,2
软件应用,2
倾听,2
每人,2
传承,2
倾向,2
transform,2
固网,2
即时,2
head,2
DeepQA,2
heat,2
餐聚,2
商用,2
持久,2
面临,2
基础理论,2
优秀人才,2
周边设备,2
papers,2
golong,2
使命,2
Effective,2
转岗,2
ESB,2
授权,2
一路,2
耦有,2
高数,2
原生,2
找出,2
性与解,2
全程,2
许先生,2
举一反三,2
村站,2
室内,2
统筹规划,2
何种,2
RFID,2
logicPrevious,2
编解码,2
ExtendingMicroservicesRabbitMQ,2
投资人,2
ubtob,2
全站,2
6500,2
先进性,2
永久,2
立体,2
12K,2
healthier,2
nmap,2
沙,2
dlinux,2
Udp,2
Automation,2
iphone,2
memory,2
性于,2
西沃,2
非诚,2
Benefits,2
These,2
saltstak,2
中期,2
二种,2
sense,2
VPU,2
requirements,2
外文,2
石岩,2
石岭,2
ensure,2
information,2
多功能,2
城市,2
不少,2
超,2
娱乐,2
餐费,2
黄先生,2
设身处地,2
透彻,2
platform,2
计算机辅助,2
出货,2
这,2
term,2
超声,2
表现形式,2
观,2
容性,2
以新,2
高档,2
motion,2
Touch,2
programing,2
清泉,2
wave,2
engineer,2
analog,2
SEM,2
gives,2
资,2
涨薪,2
released,2
Client,2
Cortex,2
SaltStack,2
MobileWeb,2
wide,2
was,2
扩张性,2
VMWare,2
sqlalchemy,2
纵腾,2
一系列,2
ideas,2
防控,2
strengths,2
greenplum,2
对偶,2
胜率,2
Zigbee,2
詹姆士,2
掌控,2
插件,2
彼此,2
评审会,2
伺服,2
使得,2
绿化,2
地方,2
state,2
不如,2
Kong,2
LXC,2
选股,2
屏幕,2
WebGIS,2
油松,2
Nessus,2
高温,2
managing,2
review,2
自贸区,2
DEVOPS,2
南门,2
用来,2
通过培训,2
come,2
持之以恒,2
四次,2
重大,2
小型机,2
想不到,2
离散,2
链鑫,2
66,2
67,2
Degree,2
重复,2
工伤,2
Science2,2
名企,2
protocols,2
企业级,2
cast,2
工会,2
Open,2
更加,2
为代招,2
Slot,2
入驻,2
存储设备,2
班次,2
EasyUI,2
检查,2
努,2
网可查,2
careersite,2
Cboard,2
解答,2
ES6,2
IR,2
IO,2
ID,2
度,2
It,2
Finalizes,2
行业动态,2
model,2
合理性,2
26727788,2
samba,2
Nosql,2
blog,2
先知,2
瑞凌,2
environments,2
饭补,2
WebMagic,2
Master,2
International,2
Knowing,2
更具,2
legal,2
provides,2
2605,2
BugFree,2
communicate,2
社团,2
会少,2
解码,2
评测,2
Yahoo,2
Wed,2
麦克风,2
Microcontroller,2
组合分析,2
敏锐度,2
调休,2
蓝,2
高通,2
LED,2
C4D,2
关口,2
Beautifulsoup,2
Mathematics,2
感,2
4.5,2
fiddler,2
光电,2
合作项目,2
AppScan,2
灯光,2
CNY,2
RHCE,2
RHCA,2
应用领域,2
升級,2
发放,2
decisions,2
投顾池,2
布景,2
presentation,2
专利,2
图传,2
evaluation,2
类及,2
专业技能,2
期刊,2
what,2
deeply,2
version,2
HyperLedger,2
segmentation,2
SpringBoot,2
出低,2
楼英唐,2
中级,2
团结,2
计算机系统,2
可行性研究,2
图书,2
不断改进,2
选,2
甚至,2
Miner,2
YII,2
大道,2
精细化,2
短时间,2
信号量,2
13632998779,2
策略管理,2
诚恳,2
因素,2
图件,2
理由,2
Lightgbm,2
5.5,2
有志于,2
曾经,2
对口,2
广告学,2
615,2
过年,2
控制能力,2
UnitTest,2
mission,2
关于,2
诚挚,2
lua.4,2
启发,2
新村,2
return,2
Kotlin,2
职,2
田里,2
测试点,2
kaldi,2
控制论,2
调制,2
私营企业,2
一颗,2
snacksExcellent,2
保证系统,2
扩大,2
需知,2
积极进取,2
处于,2
swarm,2
architecting,2
QT4,2
QT5,2
五路,2
抢到,2
领先,2
启动,2
成交量,2
寻求,2
篮球比赛,2
architect,2
PCL,2
走心,2
直到,2
深圳湾,2
起码,2
实际效果,2
分派,2
electric,2
清理,2
reach,2
architects,2
布料,2
jsp,2
有风控,2
影像,2
VOIP,2
带组,2
OpenGL,2
坂,2
并行算法,2
约束力,2
短,2
数值,2
Bluetooth,2
产品价格,2
公文,2
简易,2
arm,2
Shiro,2
危害,2
南路,2
YARN,2
creating,2
产品化,2
Manual,2
立即,2
succeed,2
南京大学,2
视频剪辑,2
单点,2
本地化,2
变频,2
测试软件,2
顾全大局,2
部于,2
蹦床,2
特征值,2
二日,2
所授,2
instructor,2
互联网服务,2
获奖者,2
若,2
商机,2
紧密,2
有意者,2
enriching,2
改查,2
ResponsibilitiesSkills,2
增,2
budgetIs,2
成果,2
About,2
电力,2
后面,2
割草机,2
正确理解,2
基金业,2
Mesos,2
活动室,2
inspirational,2
语言选择,2
抗压性,2
questions,2
可编程,2
承受力,2
硬件加速,2
泄漏,2
customers,2
pipelineKnowledge,2
服务程序,2
过大,2
innovation,2
离线,2
U3D,2
缩短,2
小白,2
薪奖,2
vendors,2
analyze,2
MGCP,2
后门,2
人士,2
单独,2
布署,2
RequirementsGood,2
检索,2
活力,2
access,2
守信,2
予以,2
全新,2
CSMAR,2
接口标准,2
框图,2
心强,2
场所,2
mock,2
Laravel,2
users,2
Metro,2
backbone,2
斯蒂,2
流体,2
光流,2
生涯规划,2
超级,2
推演,2
库有,2
Citrix,2
sqlserver,2
淘宝,2
表达式,2
dramatically,2
数学方法,2
成功率,2
表彰,2
行为表现,2
控场,2
01B,2
高端,2
Composer,2
纠正,2
Functions,2
巡查,2
DTS,2
分支机构,2
Linq,2
puppeeter,2
CBD,2
shader,2
dedicated,2
SCCM,2
带班,2
use,2
问卷,2
Lang,2
opportunityUnlimited,2
手机软件,2
0.0,2
交换,2
竞技,2
仪器设备,2
金融类,2
股票代码,2
优于,2
KTV,2
基本功,2
light,2
服务器软件,2
切换,2
837929,2
质地,2
practice,2
不便,2
办公楼,2
哟,2
活得,2
progressive,2
减小,2
始终,2
related,2
沉淀,2
85,2
不住,2
注明,2
jentkins,2
傲天,2
沿线,2
8k,2
conflicts,2
8K,2
样品,2
g,2
浙江大学,2
追求,2
玩转,2
技术部,2
SaaS,2
which,2
PANDAS,2
Saltstack,2
1.7,2
1.3,2
生,2
MSQL,2
深造,2
创在,2
礼券,2
华馨,2
自我管理,2
who,2
导出,2
福田,2
质量标准,2
MongDB,2
Instruments,2
休闲,2
planning,2
上传下载,2
cache,2
he,2
local,2
GPU,2
27588185,2
qq,2
池,2
NIO,2
靠前,2
chronograf,2
WebPy,2
view,2
requirement,2
风险意识,2
谢谢合作,2
总,2
充电器,2
受此,2
哪些,2
dll,2
wechatID,2
exam,2
p2p,2
行政,2
音视频,2
swift,2
RNN,2
评级,2
LCD,2
矿机,2
网络管理,2
DVD,2
多视,2
undergraduates,2
walk,2
rpc,2
OpenLayers,2
顾目,2
CG,2
档案,2
咱,2
运营者,2
麦克,2
报修,2
ensuring,2
监管,2
CDB,2
CDH,2
choices,2
申报,2
棋牌类,2
Helpdesk,2
MSF,2
Pytorch,2
游戏币,2
很具,2
高新技术,2
sensing,2
创办,2
tcl,2
塑料,2
Teamcity,2
导航系统,2
execute,2
preferableKnowledge,2
incredibly,2
配比,2
growth,2
lead,2
进化论,2
生物学,2
leader,2
JDBC,2
管理机构,2
hypeledger,2
challenges,2
Springboot,2
作业系统,2
eagerness,2
美股,2
科学家,2
Juniper,2
sass,2
造型,2
DataV,2
